TimeStamp(s),FrameCounter,AccX,AccY,AccZ,GyrX,GyrY,GyrZ,EulerX,EulerY,EulerZ,FallCheck
0.01,1,0.04500334255289399,-0.9939946751433507,-0.036001125901466556,6.188043915253902,-0.2297500327952812,1.2030167982513658,89.45598356743123,2.744453413715598,16.283461079900405,0
0.02,2,0.03662089018063412,-0.9944963271339085,-0.05038600360943356,7.135924328819309,0.29579094465284816,1.7762184824422327,89.53865528458468,2.726233176735051,16.287844787930744,0
0.03,3,0.03226077509625512,-0.9948055315293451,-0.05963633550588743,7.895120773291604,0.5949634993097325,2.1814008061074945,89.61205551573337,2.704777523823522,16.29509557377171,0
0.04,4,0.03297786766841805,-0.9952044638679923,-0.06376433494421524,8.50797100512589,0.4965977160907021,2.3579788966757396,89.67603582656,2.6799835160875323,16.304188129936446,0
0.05,5,0.03730950020804475,-0.995846846808228,-0.06635478636291273,9.177876631166416,-0.06566612726162652,2.363036709424291,89.74287573537296,2.654665004916463,16.309428469198814,0
0.06,6,0.043599486629401975,-0.9961597374555409,-0.06923941934209832,10.037884348830266,-1.0022273007152755,2.308730870198623,89.82836581819753,2.6313791145696754,16.30418085105214,0
0.0699999999999999,7,0.05070440523490993,-0.9955771344689738,-0.07051928841637316,11.04843271298164,-2.048286844293722,2.305240954388393,89.93668925977367,2.6100004356894497,16.286255799555732,0
0.08,8,0.05711085166800882,-0.99474896616077,-0.06724935155437596,12.041978246931201,-2.8372994751705325,2.4296669837693625,90.05687646258131,2.5884491184922234,16.259804497635496,0
0.09,9,0.060987236440828325,-0.9954529289621284,-0.0587257492763492,12.786395869936179,-3.057257012074893,2.700657358337539,90.17627609407238,2.5647652647147683,16.232224992393295,0
0.0999999999999999,10,0.06149443145722795,-0.9990489604247484,-0.04734729475862726,13.062432035122617,-2.601969435955342,3.0644434689661324,90.29365487235398,2.5377590070097544,16.209783539823697,0
0.11,11,0.05929376507450715,-1.0050575302516378,-0.03722671858590143,12.793415986400797,-1.6323381737395566,3.419859313524016,90.41483890983706,2.5066789243322147,16.195864685127955,0
0.12,12,0.05562343482612957,-1.0112385263208528,-0.03189809399415297,12.137046767957989,-0.5108055333109855,3.6799603386072297,90.5382505137644,2.4716403631917685,16.19174009215298,0
0.13,13,0.05159407766819509,-1.0149812163709295,-0.032393049311225865,11.413134619685346,0.3619015890829628,3.8180346745480453,90.65213445850232,2.4341639524076095,16.196924657297828,0
0.14,14,0.04847181644626483,-1.014799543277547,-0.03686660084277415,10.91021635491203,0.7125611041009028,3.8493869727293695,90.74900703192536,2.3963776637140386,16.207814786889713,0
0.15,15,0.047590013541284906,-1.0110890708175506,-0.041992423741824346,10.75598344274019,0.4813683603188012,3.7779338939266265,90.8379157953849,2.3597488937254414,16.217307589047895,0
0.16,16,0.0492028428095289,-1.006093574060228,-0.04484125737233871,10.93135407192701,-0.1688549351215123,3.5879720309190186,90.93626604284543,2.325099949129264,16.218488605229485,0
0.17,17,0.051911929057844225,-1.003134143615614,-0.04390839947528733,11.316562515186272,-0.898924581149672,3.291997542906897,91.04994873374756,2.293546452835107,16.210134853834255,0
0.18,18,0.05394360360976828,-1.0050139781324618,-0.039228958660588564,11.689599181454659,-1.3296738724356727,2.9477883855475553,91.16716414366624,2.266499513898001,16.19779652388237,0
0.19,19,0.05477083767360098,-1.0122275204036817,-0.032073360845569714,11.775429320554816,-1.2571108291683841,2.5945842966859773,91.27409992536911,2.2443939260160692,16.188497400104744,0
0.2,20,0.05499349096744756,-1.0225147184024952,-0.024329811978875553,11.410675309865075,-0.7896468632464593,2.1869241305420433,91.37148253190992,2.2262298749439298,16.184765778866925,0
0.21,21,0.05506727205762629,-1.0325033444764025,-0.01767992941071695,10.657761366718663,-0.2556337011946944,1.627192719393669,91.46942669195614,2.2116561984029537,16.184406865919925,0
0.22,22,0.054985765409109,-1.0399499361724447,-0.013054535316879409,9.692894519447497,0.049758144788801424,0.8728611000001841,91.56763281642985,2.2036179952633175,16.185104628934177,0
0.23,23,0.055076611735385785,-1.0443759261777565,-0.01057454292637137,8.593377234608393,0.05258220279223139,-7.846536425631934e-06,91.64944134614633,2.20711418853168,16.187221256080697,0
0.24,24,0.05622241148664243,-1.0459835890989866,-0.009598605525495418,7.304188049950456,-0.09777341120115317,-0.8371767328360489,91.70056164837393,2.2234679537657795,16.19161059922553,0
0.25,25,0.05901772775988074,-1.0447535698705832,-0.008838687985703555,5.805155358689936,-0.1477947255659724,-1.4975080350667527,91.72810405596924,2.246695011450865,16.19704567363747,0
0.26,26,0.06319404001512172,-1.040820581515871,-0.007074345037180779,4.215489262561903,0.1141382326011589,-1.9136719996086236,91.75202364373875,2.268474673364127,16.202391629196867,0
0.27,27,0.06804533697922421,-1.0352123413267211,-0.004231477423899065,2.6921437842608844,0.723685405775396,-2.094780190692327,91.77813210568675,2.287561552456793,16.210539172130026,0
0.28,28,0.07297551202873172,-1.029751903457221,-0.0015204073538173197,1.2930866446265956,1.483675260623621,-2.097632046266363,91.78939687092605,2.3112935728554302,16.226972964450432,0
0.29,29,0.07743116025749958,-1.026126975793977,-0.00015164178698146342,-0.007598470896907308,2.077719672534459,-1.9961856702370502,91.76880570796914,2.3450802302519302,16.25320845456325,0
0.3,30,0.08076670184947365,-1.0248338148597087,-5.8553493849093096e-05,-1.2294229648459596,2.312931630134362,-1.843642177926443,91.72311766568099,2.3825478258539143,16.283646100899297,0
0.31,31,0.08267408550599374,-1.0246170683686995,-0.00019116692450039615,-2.3808002669523822,2.2689647802569026,-1.6265086110103097,91.67499300793236,2.4105602083803657,16.31073681322891,0
0.32,32,0.08369716134518909,-1.0229596628838222,9.995746005715008e-05,-3.4981443398412817,2.1783157562018354,-1.2707718724561596,91.63483278702249,2.423970280051561,16.33229268029713,0
0.33,33,0.08489063738201616,-1.0177384754984697,0.0005429368769385328,-4.586926920468764,2.14493783003246,-0.7415703689179365,91.59067419977458,2.430721691215359,16.35182796615167,0
0.34,34,0.08663720827810242,-1.0089694417585255,0.001044906975762482,-5.513207210311432,2.0070574423165257,-0.1391107342176492,91.52769121623268,2.440441039450287,16.37195769690663,0
0.35,35,0.08795085143170463,-0.9991038580837365,0.002791869295711792,-6.0478028074234915,1.509143374159564,0.3459414103061795,91.44907450126095,2.452107829199251,16.389421979949113,0
0.36,36,0.08742417224922319,-0.9915974281100081,0.007464039802712909,-6.086624186689196,0.5979398838025363,0.580497869367631,91.3719668644353,2.4571721649396108,16.397508411563454,0
0.37,37,0.08485205742509558,-0.9889894943664304,0.015152988930170187,-5.79359527492045,-0.4841237206025346,0.5660740713954875,91.307519049243,2.453023888392075,16.392477101491178,0
0.38,38,0.08121913993541464,-0.9919426965182572,0.023520235249114868,-5.473878648759359,-1.376021666202762,0.37972574283690924,91.25190679634188,2.4482282355144758,16.376850329708287,0
0.39,39,0.07686140539856359,-0.9996178428460231,0.029445507994080196,-5.33831137563408,-1.800726590235512,0.09139179461486649,91.1957306169956,2.4530302735223777,16.357306509000274,0
0.4,40,0.07056917802031454,-1.0103786130876242,0.03148496838599798,-5.452733046391328,-1.5970188853393728,-0.23900304096934302,91.13516332856821,2.468051821016539,16.341029244740046,0
0.41,41,0.06129258004223021,-1.0218161836472337,0.03054347469281623,-5.871278609092089,-0.6630011973692677,-0.5275666887654863,91.07114410861246,2.484809043431831,16.334544821738803,0
0.42,42,0.05016219907928504,-1.0307594982112844,0.028225717803029314,-6.681377357518451,1.0280281353417797,-0.6899523616800867,91.00204716988137,2.4953950039630084,16.344609802684072,0
0.43,43,0.03991279644112063,-1.0344630284513607,0.024880145429952264,-7.8636839982086295,3.350202022749021,-0.7074080747524188,90.92213092627087,2.4987461167734524,16.377874124515202,0
0.44,44,0.03258149463143745,-1.0321572713959495,0.019544392308413525,-9.196364611937248,6.007109222630052,-0.6333523716982852,90.82748236753925,2.498237987377817,16.43814187026785,0
0.45,45,0.028677235292195603,-1.0250616330095432,0.011649983735611692,-10.375059963414746,8.623945691766249,-0.5221882043074133,90.7206801451066,2.4964983830260485,16.524119652866833,0
0.46,46,0.028524010167657547,-1.0149663273868155,0.002256646037263177,-11.199246230470445,10.900394021897984,-0.3842953139213472,90.60800501843093,2.4938901207595805,16.630893698160712,0
0.47,47,0.03325377490888772,-1.0032768790663633,-0.006629441441201878,-11.616224535309657,12.725076381569881,-0.22651182727803648,90.49332130250932,2.490390607919095,16.753957461897222,0
0.48,48,0.04365801445249319,-0.991243977893149,-0.013649456421825695,-11.645366073461265,14.152231716603175,-0.09642924980031717,90.37683348692778,2.4869548958687147,16.891241945053142,0
0.49,49,0.05828131201646985,-0.9802355199269459,-0.01879671852627571,-11.327101213329954,15.24705103993097,-0.04525727166119789,90.25983547945167,2.484568163504291,17.041110775678337,0
0.5,50,0.07319367815199584,-0.9711893615856515,-0.02284604042235323,-10.734074027011,15.960006176248315,-0.061399426338501234,90.148007257966,2.4828480171189296,17.199400315553046,0
0.51,51,0.08387625142633463,-0.963963115144624,-0.026430965226487607,-9.97230670468928,16.172152876333733,-0.07758764379592303,90.04765178950863,2.480561073047728,17.359531907632903,0
0.52,52,0.08750903204423038,-0.9576730621973377,-0.02960390814557445,-9.125254124307864,15.84122833309346,-0.044064319662106194,89.95949678533663,2.4773337880892683,17.515524315552565,0
0.53,53,0.0838831529924636,-0.9518344047689525,-0.03199001787430215,-8.187400153621867,15.06233398923793,0.022832748544655435,89.87908568936538,2.4740248268096554,17.664126176232493,0
0.54,54,0.07468485016431424,-0.9469603322161396,-0.03318361456495494,-7.085169517487718,14.001628749308747,0.04545390052299709,89.80420526568864,2.4716952704852284,17.803872008233053,0
0.55,55,0.0622535373377335,-0.9437917652205465,-0.03305599109153643,-5.813039013888029,12.838647889649408,-0.10092377702433633,89.73940751382636,2.4715037499625563,17.933298397339314,0
0.56,56,0.0488723796302999,-0.9420040917371836,-0.03194643179944114,-4.554038441443464,11.794322895832266,-0.5717647777649993,89.69060112133292,2.475945821278563,18.051703346940425,0
0.5700000000000001,57,0.03658550371681345,-0.9400271716219812,-0.030788844061382936,-3.604860242385163,11.126392265842197,-1.4964066484431597,89.65614831819106,2.4891327549650053,18.161746693494013,0
0.5800000000000001,58,0.026981410461078922,-0.9363918478283704,-0.030889943019662768,-3.123649693774603,10.965069829832236,-2.895082695667047,89.6265005834898,2.515203701537383,18.26940247234331,0
0.59,59,0.020867980056492107,-0.9312831863230314,-0.03296925089023908,-2.9518194313823294,11.110215940739213,-4.643789094643068,89.59380505800908,2.5569795604297094,18.379388192567426,0
0.6,60,0.0182694551475928,-0.9269372670707942,-0.03586585962194997,-2.7015229638344684,11.081134527534457,-6.512138367902038,89.56023608846691,2.6160803106271544,18.490446632452432,0
0.61,61,0.01903937586507656,-0.9268363126887269,-0.036436111201567714,-2.015349164702628,10.488197297402278,-8.222061165856218,89.53576008106197,2.692779582905896,18.596012363203464,0
0.62,62,0.02377271522243125,-0.9343190988526328,-0.031821946865486436,-0.76492065990591,9.380662521366657,-9.496380090613409,89.52909710917474,2.7846188834810772,18.68981887350536,0
0.63,63,0.03387779992105782,-0.9510051506775543,-0.02260798446532549,0.9301406418922961,8.161544801150438,-10.126173211283824,89.54235724075527,2.885708409283973,18.770454450434055,0
0.64,64,0.049810049460136493,-0.9757265456178078,-0.01309791242274971,2.8187129709656653,7.122335013395787,-10.055344895931075,89.57323215188644,2.9882295137683017,18.840342033680237,0
0.65,65,0.0686751740706281,-1.0050496715085853,-0.007257811342827787,4.652689906028512,6.116740705637064,-9.404945472566775,89.61955427828522,3.0849202089033367,18.900861786844278,0
0.66,66,0.08432489590217897,-1.0350593605990168,-0.0044524713121370605,6.244181941328561,4.753948831819337,-8.385837191368772,89.68071533546345,3.170642991077185,18.94912472702333,0
0.67,67,0.0909948055272779,-1.0622004100067497,-0.00017300619097318653,7.4574672622332345,2.874695948824058,-7.174679050908562,89.75616769607016,3.2426323396491794,18.979607028986567,0
0.68,68,0.08717657889315084,-1.0823600094356343,0.00929346872560247,8.22674596962803,0.7417112326648582,-5.884399342345473,89.84364168589657,3.300368110788283,18.988593265493318,0
0.6900000000000001,69,0.0757465586928913,-1.090696872488908,0.024279661217968544,8.6016227568051,-1.2527120544735528,-4.6473992660443,89.93768114701334,3.3459566588162954,18.976749099688586,0
0.7000000000000001,70,0.06062148474802068,-1.0843452348200375,0.04355692771083695,8.701219032530384,-2.9709524967342635,-3.6733683604762506,90.02952683992243,3.38422476829913,18.94747765551657,0
0.7100000000000001,71,0.04388151904785621,-1.0659346740750786,0.06649587059563426,8.563993373520296,-4.540839582460942,-3.1403675640174735,90.111797928034,3.420286105377076,18.903313662583116,0
0.72,72,0.026080247534395855,-1.043759687084993,0.09210155312584607,8.080187807702838,-6.013478550051205,-2.968828226076176,90.18629987403729,3.45457310725722,18.84472999069953,0
0.73,73,0.008436418330104433,-1.0272361462682127,0.11710250274176154,7.122145114816364,-7.13289073926059,-2.746738464905485,90.26357224267903,3.4805393452417364,18.773042479637056,0
0.74,74,-0.006288639713039615,-1.0210571518475762,0.13702113976655408,5.731012840884185,-7.561860783753629,-2.021205271320309,90.34836919897228,3.490244390394548,18.693890629605935,0
0.75,75,-0.015392330902625512,-1.0233753789024553,0.14984605482444072,4.170884955767674,-7.313857448127582,-0.7438635928675418,90.42744685354467,3.4832922504801536,18.615990852049187,0
0.76,76,-0.01832512496618117,-1.029643891494689,0.1577457377388312,2.8161556943576915,-6.812011387423918,0.6538559687998875,90.48040547675996,3.4675827415434184,18.545194943337826,0
0.77,77,-0.016744770308918966,-1.0376729914905638,0.16395038937351442,1.9371356594662068,-6.485060182372887,1.7104025800911729,90.50391216785636,3.449860967935919,18.480399152394874,0
0.78,78,-0.012455901984715719,-1.048364588697798,0.1678810510888554,1.5037919486135183,-6.466300735804384,2.413942274073781,90.51677474326802,3.428159921693282,18.41584076817397,0
0.79,79,-0.005555960278499624,-1.0620967761820832,0.16444306778788928,1.1766664921778942,-6.752726573044282,3.1919986784263887,90.53722396480718,3.395097143753697,18.34612215652437,0
0.8,80,0.005199160243998208,-1.0755768536130121,0.1490830752371135,0.5498854391466864,-7.449728358528674,4.469696037510669,90.56161001549248,3.3459369387842823,18.267986574823098,0
0.81,81,0.02016713157352882,-1.0825333434511737,0.1235178795855606,-0.5177351762654401,-8.656372610972277,6.257544900462075,90.57088748049642,3.2812065819556313,18.178848298983915,0
0.8200000000000001,82,0.03698003335817723,-1.0770963561254858,0.09575466957389014,-1.7585764366340886,-10.183919093596174,8.123344673655355,90.55418158136114,3.2035238506555506,18.07636643009267,0
0.8300000000000001,83,0.05100485473173866,-1.0567498285819168,0.0739306523927355,-2.6812424696904706,-11.598414775185544,9.531373870320452,90.51966101395331,3.115261523712677,17.9602985181026,0
0.8400000000000001,84,0.057808963487006836,-1.023227753152143,0.06036461903744884,-2.943131573070896,-12.615571623671094,10.214345352079322,90.48336718113815,3.019741764881869,17.83331030635359,0
0.85,85,0.05555494944823353,-0.9818967809306192,0.05201422990994614,-2.597029146420897,-13.366937320683478,10.247914668879131,90.4538039912047,2.922585316258326,17.698451909716745,0
0.86,86,0.04566378481848337,-0.9405557586836555,0.046000154323441865,-2.030710082617529,-14.201344286706608,9.836830069575482,90.42954602690534,2.8300852151379474,17.55600413734694,0
0.87,87,0.03172972818433419,-0.9075436974410143,0.04311664780493153,-1.6898587541847063,-15.255967492428812,9.106374193021896,90.407036396202,2.7459701221562915,17.403921497572647,0
0.88,88,0.01760356108221642,-0.8889285834225074,0.04556379631629959,-1.7931987539880554,-16.287026371453777,8.104674580146263,90.38541761270908,2.6704205119239606,17.24169470287571,0
0.89,89,0.005612236314197859,-0.885979400111931,0.05284925647410782,-2.2051776691328957,-16.91195854024819,6.932032867940874,90.36376330000127,2.602851840826349,17.073074205722186,0
0.9,90,-0.0041715475223850235,-0.8949161554862297,0.061598630400661464,-2.555527258258367,-16.945395463569078,5.7871288639077445,90.338224297526,2.544987883380572,16.904507166153447,0
0.91,91,-0.013066751744036256,-0.9093801834101971,0.06913643856865183,-2.553142757918446,-16.471354305317583,4.860582388599911,90.30655192873066,2.499186884090576,16.741277363941933,0
0.92,92,-0.021946048720569402,-0.9236160761142975,0.07582987159117549,-2.230820124387374,-15.652143980489443,4.206757888266531,90.27556495631205,2.462967800257327,16.585759084920845,0
0.93,93,-0.030111468171703376,-0.9340424725716809,0.08367511733328198,-1.8499842965028,-14.545524279245374,3.7372380658929254,90.25857345264085,2.4280627466622193,16.439387429220314,0
0.94,94,-0.03599523678694746,-0.9391474438644006,0.09386071143284216,-1.5539929060836166,-13.115888828599921,3.316587238603126,90.25968018886523,2.38875358336986,16.30563012837949,0
0.95,95,-0.03874857323963186,-0.9392417542804419,0.10634608342934049,-1.193333707183908,-11.371500117131584,2.8454728517648014,90.26385447434699,2.350301107707791,16.190090433523654,0
0.96,96,-0.038762313926690405,-0.9364594669164632,0.12067357343710901,-0.5555889108441874,-9.444087332316464,2.289945261751344,90.25427893719547,2.323689293429092,16.09664291938049,0
0.97,97,-0.036793968292401814,-0.9339887076044688,0.13595692639503956,0.2962448021662336,-7.5255165548567415,1.6902330348993118,90.24398442547403,2.3099114852782368,16.02307161009293,0
0.98,98,-0.033386183796503856,-0.9344710533612707,0.1504483473401918,1.0312854425331712,-5.733272332036973,1.1452378278158342,90.27584696066747,2.294997896177725,15.962196883275649,0
0.99,99,-0.029457457928947724,-0.9389944744983356,0.16229000095137244,1.4072284358251985,-4.036536859367007,0.7440241397798002,90.37404051177867,2.2662219789415485,15.909816196707112,0
1.0,100,-0.026649986949363956,-0.9474273122395445,0.1710832710347805,1.5257466227766807,-2.315320748255273,0.49131850817287015,90.50276514254932,2.2296822342789695,15.871045914789153,0
1.01,101,-0.02623889999696828,-0.9592258911743786,0.1783414413528328,1.6813577306861824,-0.49538574427780036,0.3179803893065148,90.59672283729613,2.2037910613713185,15.855759836188751,0
1.02,102,-0.02793169530288974,-0.9737331830858701,0.18606897266727304,1.9970437988483694,1.3932076144248693,0.16911710885280734,90.6343983639484,2.195724358325394,15.867542928091154,0
1.03,103,-0.030523929239049154,-0.9899442075479854,0.194697456570544,2.238319816515125,3.3050277382338145,0.051936800885741666,90.65796862432042,2.192826235356479,15.900536472362894,0
1.04,104,-0.03384992059782319,-1.006246453273472,0.20217089183532524,1.9611085215426645,5.282192804844629,-0.018748078036903038,90.71257727649652,2.180158774906822,15.948299100021812,0
1.05,105,-0.039311155378580584,-1.0206107809453653,0.2049672196193189,0.8397086795433796,7.398514015799095,-0.08495886519449812,90.78699216586497,2.1592978455148395,16.012427591691388,0
1.06,106,-0.04772512735861802,-1.0312950697542882,0.20022401224317116,-1.10072804643672,9.590711438405561,-0.21162162943240986,90.82995185916792,2.1438685096758587,16.09966054286076,0
1.07,107,-0.056872626511611755,-1.0374544644472339,0.18757558876220135,-3.5029088608680397,11.589606943212832,-0.40712927780144836,90.81163427008627,2.1404945354318805,16.21189832566531,0
1.08,108,-0.06225161983516378,-1.0390488807310858,0.17030911219198785,-5.84771905727877,13.05674139968685,-0.6361015303231461,90.74945760278823,2.141809219282014,16.34174927544281,0
1.09,109,-0.061135290113806945,-1.0365793880812768,0.15528305646591437,-7.612721232017699,13.840887529502094,-0.9104455994845594,90.67749450269847,2.1390296477982638,16.478137848590706,0
1.1,110,-0.055843642407518004,-1.0317121100023652,0.14921548196761802,-8.450436886901876,14.180535330267517,-1.2811090616327945,90.60981740790349,2.1348523625938105,16.615317406775258,0
1.11,111,-0.052318731330380494,-1.0279131443833092,0.1517671688870554,-8.385962468469415,14.630812519751615,-1.680509600732079,90.54034414993188,2.1387330444997263,16.756542436857902,0
1.12,112,-0.05499527396529926,-1.0284042808148726,0.1546402348086904,-7.691718571654379,15.602839503577146,-1.8646366243726469,90.46776167457266,2.1517381065216417,16.909194179782723,0
1.13,113,-0.06362734608734037,-1.032033141641667,0.1553665685189125,-6.316359565666831,16.919834126748647,-1.6893614697864532,90.40986170375217,2.1628487505615226,17.076288771342234,0
1.14,114,-0.07615764042812138,-1.033777845250707,0.17257983030932172,-3.781934167142197,18.20334349962429,-1.4470627342451725,90.39137914351566,2.1631032274639144,17.255473436132206,0
1.15,115,-0.09339387581791178,-1.0346420515359178,0.23097214162939475,-0.606729507064838,20.052413471287892,-1.5977953862149417,90.41578259331789,2.157758402760729,17.451432671998372,0
1.16,116,-0.11582265203876559,-1.0521134860782857,0.31266265211865923,-0.053507195182546013,24.220037053380306,-1.8123126424441756,90.44158653720856,2.1558927384072892,17.687985210422145,0
1.17,117,-0.13133585255996558,-1.113813742882977,0.33411945985863817,-6.761025581053596,31.153428605591934,-0.5179361662640052,90.38604924111087,2.147355102261825,17.99340979473355,0
1.18,118,-0.10915419698523643,-1.2316465597074588,0.21086561048453045,-21.3601169938568,36.92397180369922,3.7360366681293593,90.1726942646253,2.100138060471183,18.356063126599693,0
1.19,119,-0.017957044101013304,-1.379210016883687,-0.033150577861015565,-36.53185372704312,34.53196535933659,9.909747313502288,89.80309936325185,1.991511142071703,18.69494441450699,0
1.2,120,0.1371213528535565,-1.4985566192491793,-0.24777655241099883,-41.08927522759878,20.663778847024183,14.056490746797849,89.38724138821183,1.8428475725881628,18.897063304291407,0
1.21,121,0.295092248181434,-1.5364861013987092,-0.28524002264038717,-30.011622656705836,0.9001683906299791,12.416271122775187,89.08207662094203,1.7155901011856096,18.904763023061786,0
1.22,122,0.3712963592610765,-1.4821181110586918,-0.14292416099191782,-10.009990575850507,-14.074510001170324,5.317081325868071,88.97788792782455,1.664744390970009,18.76521308312781,0
1.23,123,0.32278743049688213,-1.37378428432608,0.04441948433455988,5.897140490325301,-18.061696288280228,-2.589030190273156,89.03558810267582,1.6943993183938841,18.586188982353384,0
1.24,124,0.18225092359196082,-1.2710508235559321,0.14276623576269365,9.387304376928157,-13.682677578875342,-6.42848498114132,89.13158773736872,1.759596218116723,18.449770975316405,0
1.25,125,0.02574092680967103,-1.2203394703883343,0.120162961135116,2.6002372029413574,-7.134764587169605,-5.126612437269318,89.16181269622996,1.8082208756866072,18.377537442739836,0
1.26,126,-0.08606209172912188,-1.2385747448347646,0.02551072648532647,-5.7768894606680785,-1.083963371407617,-1.204698993192618,89.10842308081762,1.8164541681645905,18.365278718964944,0
1.27,127,-0.1339350071427207,-1.3089520165651976,-0.08245537964023153,-8.977374934062434,5.799534589210731,2.4817178513552403,89.02112540157518,1.7888152732694116,18.422006366943798,0
1.28,128,-0.12553055386816742,-1.3806968613004182,-0.1686843542272243,-7.086910263242027,14.16841641519828,4.835677196663523,88.94849186434216,1.7387258480749141,18.56285815327805,0
1.29,129,-0.07444436285224121,-1.3876616333567007,-0.22103157484351652,-4.9950641592579865,21.695871413492412,5.939245778492734,88.89192909851619,1.677589923444797,18.779209744901657,0
1.3,130,0.00408495391637323,-1.2911828228387554,-0.24781944230910913,-6.502217453976147,25.628908243531722,5.908418603866569,88.81929304261544,1.615995830840263,19.034249522073196,0
1.31,131,0.08811794543229555,-1.1130576979351927,-0.26881273063204175,-10.590583616759693,25.598534334286718,4.878601586580936,88.71028201311626,1.564154612802176,19.28747591860103,0
1.32,132,0.15028524142069025,-0.9215388010613755,-0.29202394155806627,-13.080732623206153,22.97054042995603,3.4152629576330984,88.58015305893119,1.5275119669809156,19.513593764592652,0
1.33,133,0.16913830506710267,-0.7818518330314773,-0.30193164602540223,-11.31965635534648,18.777416731431305,2.320207260660811,88.46264311817217,1.5037330411663685,19.6994564615547,0
1.34,134,0.14188903066433453,-0.7185910008708841,-0.27930896679239237,-6.84537602680683,13.556673059983721,2.1441454404651443,88.3786707198916,1.4839103617080391,19.836722462180983,0
1.35,135,0.0870231449906858,-0.7172140480766533,-0.22960593412941324,-3.6696832574347464,8.511836058370424,3.0144047458112997,88.32218481457328,1.4560644553533242,19.925933982679727,0
1.36,136,0.032912167984933974,-0.7496485510610784,-0.18338765979464644,-4.410542908992957,5.384436456579932,4.609193590190807,88.26738863810662,1.4111124908390005,19.982868996054087,0
1.37,137,0.0009787401693732538,-0.7949834903963041,-0.16795023531814582,-8.159611949841462,4.894708974599157,6.029653325996382,88.18517818288693,1.3512325741501616,20.03235203655958,0
1.38,138,-0.002887853921740298,-0.843076330012979,-0.18306823253705415,-11.775389181151759,5.9803460522994145,5.948020052846114,88.06055870587254,1.2941652899524947,20.092413595020208,0
1.39,139,0.016234498292818124,-0.8878777714551548,-0.2050021757068584,-12.89168960924173,6.898203381557325,3.3485789858062964,87.90466065142262,1.2663382706323802,20.164297066978893,0
1.4,140,0.05143262399597605,-0.9219739441553285,-0.20973612361174146,-11.554005842119631,6.774306748736239,-1.6518731864461305,87.7505148131873,1.288580345163947,20.23664021261156,0
1.41,141,0.09663049763320285,-0.9379216906305411,-0.19072505796750078,-9.271171518308432,5.894454455110864,-7.732605841057077,87.63012764190132,1.3672081774758083,20.297411011760936,0
1.42,142,0.1428476962268923,-0.9336936593444958,-0.15897036585523752,-7.14620215775874,4.838230764835481,-13.172121983904052,87.55173712211614,1.496869697666245,20.34181636852792,0
1.43,143,0.17744303445768372,-0.915435610744444,-0.13126662756085464,-5.221573974752285,3.7683542553164364,-16.81658619418034,87.50060333524664,1.667368790213242,20.371341867266,0
1.44,144,0.19065402294694786,-0.8939627676806937,-0.11772809961568173,-3.1721994075833675,2.5149954995678705,-18.45863305399147,87.46106964296347,1.864529711466875,20.388201458549034,0
1.45,145,0.18231224639354077,-0.8780937758341545,-0.11611044558102772,-1.01920179460617,0.958830004874029,-18.52763930674354,87.43322934379496,2.0680286106528465,20.391592802258643,0
1.46,146,0.16067933852316152,-0.8706180893766083,-0.11569749555429469,0.9035148763530512,-0.8356130163305409,-17.575543978131225,87.4269525006241,2.2564479341370114,20.378371941000662,0
1.47,147,0.13550797967871106,-0.8693789965866916,-0.10724278514841881,2.3555246028436176,-2.6665703189632852,-16.029522028910527,87.44531514889354,2.418604068801856,20.346694859226442,0
1.48,148,0.11342612186046906,-0.8711199977782995,-0.09007245823614901,3.3406425584299333,-4.207185831114218,-14.260117459308722,87.4792213781554,2.558089649429537,20.299298132172247,0
1.49,149,0.0982153938151174,-0.8742238982584039,-0.07031263866934699,3.8835271662196558,-5.0660405606352175,-12.695661484827202,87.5161556536521,2.6853471938203475,20.2437850780575,0
1.5,150,0.09175341273964356,-0.878743260495298,-0.0537267883980827,3.8024219353817,-5.001153175174159,-11.752576904597936,87.5483544077376,2.8075517811978274,20.189832114090134,0
1.51,151,0.09316708412577143,-0.884861358833352,-0.04151078636372186,2.826316523170671,-4.133428061845769,-11.611675679029734,87.5713163217909,2.927426225977155,20.145166313869243,0
1.52,152,0.09866569258051316,-0.8916571975184588,-0.032267539235262585,0.9484975168900865,-2.9478371689002434,-12.07467349467387,87.57898293253695,3.048347137753765,20.112295436277574,0
1.53,153,0.10375684668932215,-0.8973212358484055,-0.02574913621278826,-1.4144044102984252,-2.0534696872431155,-12.68278615859687,87.56450363258364,3.175413056967246,20.087632932273273,0
1.54,154,0.10586857093164134,-0.9006174065481978,-0.023299342047165588,-3.6575910142985446,-1.8266869151102654,-13.014287356922651,87.52541861729554,3.309931446296257,20.064154075565543,0
1.55,155,0.10528160888756788,-0.9019713115517731,-0.025454235888804702,-5.340175132514703,-2.1466270904200777,-12.903723045912919,87.46621776471747,3.44557918867392,20.036614081709423,0
1.56,156,0.10419011892301107,-0.902883361092951,-0.03022934103776062,-6.295056483910165,-2.4731464132699537,-12.4421661293703,87.39624109795638,3.573201916455249,20.005484067087163,0
1.57,157,0.10436211797708052,-0.9045427595860583,-0.0332592658789265,-6.530786382634709,-2.322010025571418,-11.830304893458704,87.32616358917035,3.6896515299258086,19.975817797357937,0
1.58,158,0.10489594759582863,-0.9072220518559201,-0.029291703520051945,-6.223311820752544,-1.7384293185712345,-11.210133572060657,87.26409090808828,3.7997032405682862,19.951864992398896,0
1.59,159,0.1028255673038602,-0.9101476349284435,-0.015894970432569,-5.818407294791274,-1.1932453438582444,-10.556411710229172,87.2104205399722,3.9080810588649015,19.933327947214327,0
1.6,160,0.09691996370468559,-0.9109596541258826,0.0018667907785437268,-5.886828786042279,-0.9254292538945538,-9.697113186749574,87.1559339532271,4.01139614140989,19.918000043043044,0
1.61,161,0.09032048039146363,-0.9060332790905417,0.012532188042631997,-6.593789617783602,-0.571128692811687,-8.486771773531057,87.08982536954836,4.100548932481068,19.907394487292304,0
1.62,162,0.08782888247205718,-0.8931208472475463,0.00868828431348814,-7.3073115061694764,0.29289221634474066,-7.0196244940114685,87.0133674589965,4.171015898754885,19.906642397717363,0
1.63,163,0.09030988725225435,-0.8742139266478437,-0.0029740660348900006,-6.9814080434928245,1.3104982243159435,-5.668015183819553,86.94365546126483,4.228202542242042,19.916531040248454,0
1.64,164,0.09349114140520057,-0.8551288513412064,-0.005741070445956094,-5.102661563329514,1.3695190976838227,-4.832829732407242,86.90033031203926,4.281255663708137,19.926644131548972,0
1.65,165,0.0937559608242646,-0.8423805143834577,0.010965023315824935,-2.2156200203954395,-0.45972463161845056,-4.584236321182584,86.88901914855639,4.333397177043858,19.91808829262686,0
1.66,166,0.09416487062450456,-0.8412854995281035,0.040851513671267936,0.5319060835826794,-4.1639457855073525,-4.559278834088132,86.89973906935926,4.380839910001566,19.872943600664353,0
1.6700000000000002,167,0.1026307301346996,-0.8563617812543006,0.06634998586502167,2.2762483963267512,-8.87007632506924,-4.264364394933041,86.9193644428653,4.420440388862597,19.781961912846473,0
1.68,168,0.1236395780886976,-0.8907046935278108,0.07299347812836326,2.866898601561844,-13.38750410894264,-3.494930612063109,86.94125817995253,4.454479045307876,19.647003100860356,0
1.69,169,0.15269263658075385,-0.9425595191050413,0.05888535314865113,2.638575244557852,-16.72914514825523,-2.4747305179795305,86.96299767632432,4.485996439771003,19.479155060124892,0
1.7,170,0.1788732814228624,-1.002749699038959,0.034224734826897966,1.9974686368458012,-18.56748822121424,-1.6480518276552993,86.98021998220158,4.513038144559214,19.292916772120343,0
1.71,171,0.19223024306645925,-1.0575592649546657,0.014111534153268329,1.2319395313081816,-19.48023774754798,-1.3681391402913474,86.98699724577213,4.532107014668454,19.097677108601044,0
1.72,172,0.18993078968248056,-1.0960324475454373,0.009469168116482626,0.5424871749720004,-20.601474271679336,-1.7020382500970712,86.98153529658448,4.546123839532175,18.891723088418434,0
1.73,173,0.17773342873830836,-1.1156836929808358,0.020881954186916744,0.10938577955339594,-22.738397701881194,-2.407677738994139,86.96878247487801,4.563966710434362,18.664651306351796,0
1.74,174,0.16576563172077458,-1.122554318840644,0.03968577130010216,0.11482759371510928,-25.691972998403703,-3.0725266605123256,86.9568674211713,4.590962911114547,18.407552801444247,0
1.75,175,0.16050714727203474,-1.1270459941521682,0.05650175723703315,0.7037824844285012,-28.4484592295237,-3.371676923761665,86.95219471914858,4.6232323119432035,18.12230263984437,0
1.76,176,0.15904897334931337,-1.1389137311097322,0.0706690012906265,1.8168368592432749,-30.06007918153668,-3.289800943520603,86.95733015325712,4.653043137688703,17.82129509428409,0
1.77,177,0.1518597842767905,-1.163192076235451,0.09095918143319012,2.8858494242233577,-30.30521737782284,-3.0892053344719224,86.96943240093496,4.677326610485134,17.518985021170966,0
1.78,178,0.13298715192640798,-1.1984141779789397,0.12392825752143886,2.699222597650013,-29.403674093794667,-3.016633827910741,86.97676663314999,4.699014634083442,17.226255058576175,0
1.79,179,0.10790880258060608,-1.2390188878463702,0.15914997622870164,-0.03437518188092396,-27.092855029056214,-3.08171624680561,86.95858008845273,4.721941794419196,16.955600666843832,0
1.8,180,0.08965462767259484,-1.2809660136910983,0.1681310529629171,-5.447508850575904,-22.24872858525362,-3.2009355809434905,86.89482910992359,4.747691919780846,16.731097615146588,0
1.81,181,0.08572443876338826,-1.324316746373976,0.12347998207222742,-11.750002698792184,-13.83740262499671,-3.48706120491893,86.77923414940528,4.778033342915072,16.588486825826372,0
1.82,182,0.08994132298364915,-1.3673697304216925,0.023076052120321516,-16.156023079582127,-2.462612347024262,-4.191381625569629,86.6218164452873,4.817846471900857,16.55898136868572,0
1.83,183,0.08965390478325469,-1.3978138904394446,-0.10448493486937405,-16.962224053576286,9.17301202697026,-5.280598996406883,86.44330511006852,4.872247532007782,16.64720357483772,0
1.84,184,0.08096708363135179,-1.3946670884764534,-0.21939470248015916,-14.740201410788856,17.65194483636212,-6.2051681072068785,86.27666163057847,4.939078933420548,16.82147337339552,0
1.85,185,0.07372868453229402,-1.3445459934538402,-0.2972298819140511,-11.525517367044808,20.942110821108813,-6.22813219582522,86.16634913520436,5.005484907698557,17.026416116676092,0
1.86,186,0.07962965805922195,-1.256095550014646,-0.3398991593829663,-9.016115409958394,19.36396504710117,-5.016669033871046,86.13215200013406,5.0557642665807645,17.210801226625193,0
1.87,187,0.09815245097033698,-1.1551017585104375,-0.3644807236951769,-7.503132948995438,14.817032408632274,-2.956534673493712,86.1128381739291,5.0858588148602,17.35068620582629,0
1.88,188,0.1181367605399596,-1.064713469666881,-0.38337031281918404,-6.178004732006782,9.331930105753852,-0.9745013042904503,85.98174987753043,5.108718279556473,17.449930257549852,0
1.89,189,0.13226452635061037,-0.9916438060041793,-0.39487917914319587,-4.180389699741821,4.183997261088869,-0.01848921504323267,85.6754938476256,5.141308507183222,17.518800875714003,0
1.9,190,0.14509568582083693,-0.9296488716347275,-0.39085535558098183,-1.4017013491633825,-0.2802195705976347,-0.5115430805206858,85.29992737410595,5.186949081017028,17.5528348530948,0
1.91,191,0.1648076886526756,-0.8714324157264095,-0.3702370506406634,1.4648112996654368,-4.48042079779215,-2.124668204825218,85.04806411959045,5.235230765715289,17.533680772449205,0
1.92,192,0.19024127789386,-0.8152866153822925,-0.34263571552587163,3.4844920947603706,-9.103345237544207,-4.035945451577859,85.00431045226452,5.2782901232716375,17.447412761507525,0
1.93,193,0.2091800863487096,-0.7641843702494853,-0.31852245677708996,4.1513281481344295,-14.308810739210049,-5.480750153976309,85.07847842218149,5.320121166853265,17.296886548375568,0
1.94,194,0.20834414776117632,-0.7236037871955916,-0.2985088565766997,3.6845927967262004,-19.312362137678328,-6.168759467087279,85.13396773964054,5.368712967797929,17.097523070769316,0
1.95,195,0.18308203162424355,-0.7011341892183536,-0.2751450669803949,2.7783150802374337,-22.87242014501444,-6.287666787585744,85.1252171202711,5.425301325962434,16.867652168656452,0
1.96,196,0.1386962213433636,-0.7053273453812033,-0.24499127812965715,2.072671069108746,-24.163877886030527,-6.1815753311057255,85.09473138513206,5.483710259072858,16.62543074774955,0
1.97,197,0.08591006769530798,-0.7420973551191802,-0.21576910549175582,1.8381959196576123,-23.147770747086312,-6.019486788609747,85.08465285564182,5.5357073535081165,16.390701976806284,0
1.98,198,0.03631023299509145,-0.8105637911663739,-0.19953341833765176,2.0862388939000645,-20.35603212347266,-5.675175317287006,85.09112320883871,5.57449523831384,16.183472265646042,0
1.99,199,-0.0002448297528051713,-0.9005285759161882,-0.1999002969934781,2.8412433112826228,-16.631308177173185,-4.813129509837532,85.093858092773,5.596145050842796,16.016608269893343,0
2.0,200,-0.017291490339884204,-0.9926718612887981,-0.20805624831659233,4.215894935362205,-13.011308685263415,-3.08763603512633,85.09724933782208,5.599912054714061,15.88923993210776,0
2.01,201,-0.013152230140531391,-1.0632569673727428,-0.21140860478673879,6.256556792232939,-10.499010057467913,-0.38655823869352257,85.12806079734159,5.585303243051645,15.788038783551713,0
2.02,202,0.008495977951719585,-1.0938835030603562,-0.20441184483888789,8.785522953782586,-9.662582005259132,2.9983665058142783,85.2033683219316,5.548186569583013,15.695445552798866,0
2.03,203,0.039627360341715774,-1.0810088169035652,-0.19006042491150474,11.407227851852127,-10.411228605613228,6.447306242937116,85.31467850066441,5.482523887901849,15.597309690894223,0
2.04,204,0.07032447304538718,-1.0369550464629513,-0.17279606504066752,13.660169118297441,-12.210918426437775,9.336358028845485,85.44269031680278,5.387261025427481,15.484702184773138,0
2.05,205,0.09169540701915907,-0.9808552467882462,-0.1532534409640029,15.197306724263358,-14.510262612038197,11.327592298711995,85.57705627295468,5.269875871116724,15.351870854792097,0
2.06,206,0.09830121601338208,-0.9277969933511495,-0.13072992897699132,15.886313206646205,-16.91137828969408,12.353061087644898,85.71749481867576,5.142215861385009,15.195586622890943,0
2.07,207,0.08921243823844734,-0.8850400720386905,-0.1081075476771309,15.804783635479284,-18.997840214350546,12.388435616953952,85.86222976207495,5.014036842082051,15.017517115661313,0
2.08,208,0.06702156237227826,-0.8552850943457125,-0.09133191628182769,15.198885620841889,-20.20733889586074,11.370518397658582,86.00341540200401,4.891963968414567,14.826307534320273,0
2.09,209,0.03576958403452152,-0.8402028111850461,-0.08349177242468844,14.431708646899867,-20.035164603549806,9.396849791463953,86.13475920593972,4.784065382059828,14.635937089139093,0
2.1,210,-0.0002486920577827044,-0.8400519511253105,-0.0809442518654102,13.829983210984263,-18.35596414649875,6.929300192531165,86.25864243690637,4.701413353357761,14.460956930622071,0
2.11,211,-0.03659127274507083,-0.8518196795580579,-0.07678617534803797,13.457345641749912,-15.484596762562546,4.676799749694138,86.38213887812844,4.649730485396583,14.312342536709643,0
2.12,212,-0.06896614427598223,-0.8699757250967532,-0.06783910607887918,13.089115232332986,-11.932878600181688,3.218538230037561,86.50755476810335,4.618282671836231,14.196730117488071,0
2.13,213,-0.09391133566429188,-0.8896723494107718,-0.05663035228592789,12.48947823420544,-8.12387132096902,2.720773306690469,86.62988832068767,4.582790389632622,14.118134629452987,0
2.14,214,-0.10917042732581217,-0.9087700214755394,-0.046484962089159046,11.63014236300197,-4.260548461847448,2.9682645594017636,86.74290816812429,4.525831029252066,14.079272031559436,0
2.15,215,-0.11383661570867423,-0.9268711524579302,-0.0370797091818014,10.561066497431922,-0.36658854145821507,3.622525821972288,86.84439902254728,4.453075062504696,14.081304630586446,0
2.16,216,-0.1085283131427411,-0.9431976906153758,-0.026239823170583456,9.232851545599909,3.546203491512613,4.461260316365035,86.93499640467053,4.383565698785446,14.123087842800903,0
2.17,217,-0.09523043066950748,-0.955687437764163,-0.014015555180813547,7.6662655084399445,7.308015576486021,5.408625196879528,87.01558974000575,4.325171162732627,14.201020553003033,0
2.18,218,-0.07680164702307134,-0.9615235486688261,-0.0022403000907657154,6.231591637842015,10.618033044370843,6.367997382901713,87.08843880941993,4.267037825874255,14.309802535966675,0
2.19,219,-0.056757223591403276,-0.9579880220487558,0.009262978625739587,5.496374591033348,13.280067542305824,7.070924331216349,87.15868486182141,4.197124736531045,14.444009441854407,0
2.2,220,-0.03912955899532445,-0.9433853274908628,0.022647799985327892,5.7036401534020005,15.358193998019171,7.15114496126094,87.23186016218618,4.119672656159098,14.599411490903606,0
2.21,221,-0.02750583780017951,-0.9184116853878674,0.03677934398870037,6.558132390744744,17.038729365474598,6.406710601613026,87.31102283700874,4.051164695305432,14.772539164328766,0
2.22,222,-0.023415874274489025,-0.8866756962715812,0.04528466355442761,7.690623421204039,18.382552564293352,4.980768779729114,87.39937136335233,4.003293411730115,14.959062581386027,0
2.23,223,-0.025294985389068356,-0.8524442869081724,0.04470896183816101,9.31778356212909,19.27494077910935,3.263817683502297,87.5060391614213,3.9749648271240017,15.153310324740161,0
2.24,224,-0.028967939971513167,-0.8174433900080502,0.04466720243701437,12.245213120256933,19.572253149365388,1.6362258588244867,87.6468756710394,3.959571427932889,15.349400922488861,0
2.25,225,-0.029994699999425025,-0.7814746680622277,0.06400803381706857,16.945865576310965,19.22993527419187,0.32552920629225457,87.83680170785732,3.954296568600122,15.542106356284647,0
2.26,226,-0.026725646952384986,-0.7474833345032091,0.11170264142504738,22.5161172410728,18.343666750021693,-0.5456150379114412,88.07919830599249,3.9593392362996407,15.726825739521002,0
2.27,227,-0.021064510604762342,-0.7252829428316772,0.1722652740004689,26.727109241260333,17.117316715688883,-0.889731074190363,88.36035271171727,3.9708870813623016,15.899712919500876,0
2.28,228,-0.01591343576140001,-0.7287887688186325,0.21392590830860922,27.429925938744983,15.617539225706201,-0.7029840621900687,88.6517410436557,3.979733330453068,16.056831431449414,0
2.29,229,-0.012673026641392152,-0.7690880925990319,0.21322258334150596,24.116648514545147,13.408307565722364,-0.1796366049281877,88.91778892039585,3.9787046755455755,16.19045132555061,0
2.3,230,-0.011224971037481855,-0.8499717999694422,0.1719923618499094,18.18261252939943,9.79716562495016,0.24476931797785165,89.12683578214947,3.9701843257854796,16.287246390544865,0
2.31,231,-0.009949886315293676,-0.9675719505669742,0.11232565459293269,11.731469864580955,5.0956989234431465,-0.009546120849127563,89.26256994803252,3.9656325232379777,16.337718433609396,0
2.32,232,-0.0044340800495410925,-1.1093880977387598,0.058537394927335756,6.155891651336848,1.626913633268406,-1.438295252397162,89.32904823534906,3.9790430961130085,16.354816946628286,0
2.33,233,0.011009649183601497,-1.2519385938291379,0.024309004608358484,1.7570235704025206,2.573657384318296,-4.0995593521923075,89.34449877182401,4.0205722957242624,16.381758078773494,0
2.34,234,0.036873708256735215,-1.3652451386305995,0.010720462633117446,-1.5561773627547104,8.979780032380246,-7.20668747059532,89.33019602633065,4.091324168512257,16.47147623326323,0
2.35,235,0.06365647291658919,-1.4282628942111764,0.008162950675411758,-3.5588445487169666,17.951383156837718,-9.033031909465747,89.30450313936377,4.177554207669281,16.648720475862227,0
2.36,236,0.07690283859498179,-1.4431726122951025,-0.0013651990702305942,-3.910472058066726,24.53548579881774,-7.6259502069202405,89.28173795606219,4.24860271451729,16.89011677195845,0
2.37,237,0.07037880444608352,-1.4332643712751252,-0.03764956302149827,-3.003824714981404,25.930483861396652,-2.174664248607795,89.26833860611764,4.266115222005217,17.14532376915065,0
2.38,238,0.0563465609423853,-1.426653641356055,-0.1119236369983505,-2.385730945532544,23.855796404105636,6.127011513421882,89.2563158245935,4.202313018523228,17.381334287096365,0
2.39,239,0.06323416110559764,-1.4402134495908698,-0.22035215477412984,-4.0766984518357585,22.55233188841573,14.787242419359192,89.2225323053294,4.052744366032235,17.606447956234657,0
2.4,240,0.11936193976261629,-1.470506461722768,-0.34497578587907496,-9.192573944931315,24.449423883190626,21.807743893701115,89.13784068779555,3.832208732266313,17.851440866824962,0
2.41,241,0.22991075171968753,-1.4915435298179929,-0.4596039832644739,-16.99290185038908,27.940807873307854,26.80749841836916,88.97960445227112,3.560101858770904,18.13044815410436,0
2.42,242,0.3622618584631338,-1.4644245002177145,-0.5389173322488677,-25.208567039893556,29.28012015274022,30.430699815153766,88.73967647600884,3.251743363917373,18.422130811381525,0
2.43,243,0.4562081012280056,-1.3619368464361992,-0.5685900375158985,-31.306391891534094,26.240450722779563,32.954878277878024,88.42841699988277,2.92185632107478,18.685527018295165,0
2.44,244,0.4582000558573389,-1.193824339029236,-0.5496378793847528,-33.53350244991898,19.777958244574833,33.8633547872512,88.07853901373537,2.5894093995303216,18.889071821982075,0
2.45,245,0.3536025075909607,-1.0094382136289188,-0.49314991541346526,-31.385971307557792,12.628373150973575,32.79857738811291,87.74140063155394,2.2726634016260263,19.02539094300766,0
2.46,246,0.1713185592948465,-0.8703891502079509,-0.41267444619166205,-26.157768604939626,7.0217896736153005,30.4551029267304,87.4622982693288,1.978903780126587,19.107062660144376,0
2.47,247,-0.03572721895128847,-0.8119569544831493,-0.3233606583684576,-21.273332978410533,3.905141844753148,28.022589892928604,87.2438318888689,1.7029711270310885,19.15709784745628,0
2.48,248,-0.21236343503273206,-0.8242617376457588,-0.24403872690717351,-20.848147919754524,3.6402908563589036,25.72436817235912,87.03414301793507,1.4404127702140426,19.204001714547772,0
2.49,249,-0.31509788969465347,-0.8697268748749138,-0.1912685433145099,-26.605730142409367,6.496933003838264,22.280478866874915,86.76149002135614,1.2046104029384295,19.2783816397805,0
2.5,250,-0.32212293492116945,-0.9200871856742953,-0.16743335069762913,-36.18208191012672,12.204076360118329,16.076019676175758,86.38635590529621,1.029932612104615,19.40588128507334,0
2.51,251,-0.2392364596564305,-0.9756275953580148,-0.15878645770406805,-45.10182067420632,19.50821300089836,6.836121736119491,85.92146782560583,0.9545963383228405,19.599024773911243,0
2.52,252,-0.09607126528367288,-1.0477352642134794,-0.14967233295829602,-50.53319589803624,26.62080956659435,-3.8448811227915116,85.40663899412668,0.9972799589144296,19.854205676171205,0
2.53,253,0.0665994743539155,-1.1268377277371788,-0.13785924600680743,-52.87338132098899,32.08027177648681,-13.4352152354945,84.87219775053943,1.1466524811938474,20.155098108615007,0
2.54,254,0.21104800335629142,-1.175349058087589,-0.13327804784717726,-53.91805202908454,35.1157727863951,-19.872195654472378,84.32816800336848,1.3680684352813208,20.478629558972727,0
2.55,255,0.3121906461589157,-1.1573000489201564,-0.14199320146273295,-54.19213369699131,35.48216247636891,-22.421330349911845,83.7811640399326,1.6184437007898211,20.80031000160192,0
2.56,256,0.3601851353553598,-1.073565293231544,-0.15470302568502067,-52.50650586999281,33.34490488407694,-21.683952589774332,83.25174032613697,1.860743483441604,21.098734141466792,0
2.57,257,0.35653822637241983,-0.9641875828444813,-0.15441011781533365,-47.92212964891081,29.334257977080615,-18.98839006139503,82.76965905851637,2.0730791622992073,21.35925278611342,0
2.58,258,0.3082466565458546,-0.8757936241980172,-0.13530766598484503,-41.576840540903895,24.374906463286262,-15.59459219558369,82.35203931721342,2.2486164903751993,21.57504053808213,0
2.59,259,0.22622955078720833,-0.828199886634446,-0.11011741565802502,-36.175590683249894,19.25048269825397,-12.203418995921936,81.9883541307166,2.387850046320181,21.744915468707195,0
2.6,260,0.1286980689028353,-0.809968989682264,-0.09645823276563902,-33.73603108207509,14.389494213072826,-9.07994188346899,81.64811131387528,2.4922706822943907,21.870759476951772,0
2.61,261,0.04187330057385622,-0.7992986739578022,-0.09897876591147119,-34.08122669934602,10.060651877844139,-6.57639932755956,81.30317813400009,2.56657325619969,21.956941998044112,0
2.62,262,-0.008745094011498249,-0.7850130924931894,-0.10790451554078952,-35.46870820758524,6.551152237886741,-5.434079562171855,80.94378558445786,2.6251639471205457,22.009920807402704,0
2.63,263,-0.01210689283651146,-0.7710957667041463,-0.1122790056637511,-36.2909750189738,4.027414861085577,-6.467256039152002,80.57682025105234,2.692385623162926,22.035923332535976,0
2.64,264,0.02208351544282658,-0.7687100474867131,-0.10983867150126962,-36.0332967016629,2.339993554096537,-9.869066591149076,80.21318256166144,2.7928280142754813,22.03869778567651,0
2.65,265,0.0708512048994327,-0.7870699947546329,-0.10418095200638229,-35.05321708112893,1.0743734883012463,-14.774117691789646,79.85798668033759,2.939093939622088,22.01973050791594,0
2.66,266,0.11268472372954443,-0.8277885445542289,-0.09648145680685148,-34.01279017053993,-0.22905140038649374,-19.53976642938869,79.50970241830606,3.126837767030972,21.979451881587018,0
2.67,267,0.13793545408900956,-0.8822064278513265,-0.0825988194198493,-33.563951920859296,-1.8676578265738148,-22.616787837514106,79.1638963557965,3.3395932451376655,21.917467993160624,0
2.68,268,0.14925577941450083,-0.9331760062721197,-0.058714380302311395,-34.154968170105825,-3.8222910688898253,-23.330157341893834,78.81482911860024,3.5574511338640207,21.83345754575563,0
2.69,269,0.15443130773831054,-0.9627837082608579,-0.030313948486356046,-35.77452705941186,-5.710559109144066,-21.944610311860316,78.4543579595806,3.7624712873959987,21.73058109253072,0
2.7,270,0.15754337931173265,-0.961800827025442,-0.014144372613781117,-37.7508581814825,-6.965420521583875,-19.117671348709028,78.07475496052506,3.939853643583729,21.618536674683085,0
2.71,271,0.15458780986084977,-0.9336838498899808,-0.02510746683449352,-38.77868872438467,-7.191242973830713,-15.452220992203591,77.67976884465428,4.079039352748646,21.51144966032133,0
2.72,272,0.13729096077814315,-0.8907757365954103,-0.05591531134492574,-37.365858334913526,-6.456286753532675,-11.54289163672823,77.29482398585256,4.176763579404947,21.420710206031615,0
2.73,273,0.1027318434571364,-0.8468125160990418,-0.07494431701011153,-32.85886656494758,-5.35746358178837,-8.078498528480319,76.95892388058923,4.238543985545179,21.3483295934288,0
2.74,274,0.05940354722770279,-0.8117365901239639,-0.057430776534167505,-26.570965069458158,-4.822573311702686,-5.484819165581532,76.6952532718221,4.2744740667115275,21.285865209580574,0
2.75,275,0.020851945072325215,-0.7926440007327241,-0.022642527142574937,-21.699946510250186,-5.543289378573279,-3.5086686290467486,76.4847890660658,4.291426020047283,21.22013558277157,0
2.76,276,-0.009530287372052118,-0.7993300228832431,-0.025662330868474352,-21.223504560601967,-7.082929782907679,-1.6230931504325705,76.2736924949782,4.2902987805334405,21.144362156980637,0
2.77,277,-0.045431108419666126,-0.8455145100537024,-0.09718345337186564,-25.191609280131406,-7.398228368747567,-0.08855952076205695,76.01434745789656,4.274466988489952,21.07007391746473,0
2.78,278,-0.10353180914659095,-0.9363022171597202,-0.1976017684438506,-30.405227411945113,-3.817350655599655,-0.17569657751501808,75.70132100049513,4.262165983312102,21.030254132410473,0
2.79,279,-0.17915253080233204,-1.0480885143151872,-0.24926064565477024,-33.49195757721848,4.657750682059141,-2.6629235280650336,75.36485048429186,4.284661256503016,21.065468710961973,0
2.8,280,-0.23933815825772325,-1.126777442965216,-0.21813998529738957,-34.22090734548517,15.635960258218292,-6.0987076579638995,75.03049384009043,4.362118336090456,21.19745649392798,0
2.81,281,-0.24740984964430326,-1.1222513714632394,-0.15109925112744657,-35.030267609940175,24.346359409164407,-7.350409053155475,74.69234429209949,4.477259633878353,21.41005825346295,0
2.82,282,-0.19854792727231146,-1.0358305127380285,-0.1250292143977226,-37.257784750772274,27.36845028001855,-4.6048569134356665,74.33059096250005,4.580976804801463,21.658580195875842,0
2.83,283,-0.12906336182746905,-0.9302636011005118,-0.16663539165871807,-38.935217334548646,26.109606649502336,0.2512585936761101,73.94983076766553,4.636813625575817,21.907171834600835,0
2.84,284,-0.08680650444989295,-0.8828059292149893,-0.233247194406399,-37.21368360211439,26.31510556976015,2.770993876437204,73.587722667395,4.664913401135693,22.16403390972328,0
2.85,285,-0.09240600450310264,-0.921680574529115,-0.2709442887131466,-32.49290206394625,33.2925746774633,-0.22824292745345076,73.27895560076243,4.737410966344615,22.47961469394674,0
2.86,286,-0.1301853816403799,-1.004375698268791,-0.2733110799498366,-28.79353397713131,47.22439390150988,-7.8691139206356535,73.01628967128777,4.924158504851921,22.9071538323008,0
2.87,287,-0.1712158510598443,-1.054679148790874,-0.2693770548372033,-29.459242934588893,63.22717770950542,-15.975745709384324,72.75727522338822,5.238912245941319,23.463435542732448,0
2.88,288,-0.1963397543352471,-1.022567555577111,-0.2693343823426919,-33.34623030167051,75.82416811229442,-20.374527872252486,72.47028496789532,5.634039314261486,24.125088025608516,0
2.89,289,-0.19720839492670336,-0.9167505908089728,-0.25085057699368457,-36.1289874520069,83.0692380680988,-19.68495794071158,72.16658115544807,6.041933391277837,24.856030580980608,0
2.9,290,-0.1668801113852826,-0.789965576971539,-0.20065465925311565,-34.82076425311832,86.63363850135913,-15.575119025588045,71.8864187928747,6.420189817309961,25.632558296025614,0
2.91,291,-0.09982412936311187,-0.6992657966091844,-0.14417815762041383,-30.04220022798655,88.82038925723118,-10.911061074885442,71.66316483003531,6.764312837890714,26.443922449973854,0
2.92,292,-0.000988399238023502,-0.6770709977305839,-0.12006321058173214,-24.30793344846989,90.16710646325808,-7.71508152636955,71.50515237087646,7.089610837211337,27.277335210430596,0
2.93,293,0.10998437534985119,-0.7261361394797293,-0.13756391569362994,-19.511701876724388,89.7077021467386,-6.413850856764197,71.40171807095392,7.408710592243918,28.109511959488792,0
2.94,294,0.20533607510585802,-0.8259544235335179,-0.1725708478664682,-16.379358700171604,86.77736299949143,-6.385814523369735,71.33359682117988,7.723598535571222,28.913702514723827,1
2.95,295,0.26071968184414246,-0.938510657931582,-0.19999930950699527,-15.109621955130823,82.06730960889111,-6.856165838134075,71.27788323695289,8.03053267789986,29.672631275978638,1
2.96,296,0.264950994208718,-1.0171371056225469,-0.21592193960409986,-15.43620870911795,77.05661041488516,-7.382269499077638,71.21469043096404,8.326897304224316,30.383717366732885,1
2.97,297,0.22500467471691032,-1.0252146233558905,-0.226440343822608,-16.33217617645525,72.8623753216288,-7.878748398686184,71.1373562966992,8.61381671849885,31.053944771480268,1
2.98,298,0.16300408002229352,-0.9566110410476629,-0.2287795127125786,-16.5976353920581,69.89377738346693,-8.490961635439104,71.05466489883794,8.896096539677355,31.693244684658854,1
2.99,299,0.1032942045842387,-0.8397944722024115,-0.2149392874426191,-16.094019329712136,68.41636454121634,-9.493546401933068,70.97835454378274,9.18293225119807,32.31405836644158,1
3.0,300,0.056938936485098325,-0.7199425490862073,-0.1901033312943139,-15.995257058308908,68.98078302628915,-11.140865104741684,70.90790592350076,9.488276863289522,32.93439012078858,1
3.01,301,0.017801716616072,-0.6343958546691624,-0.17564638909817154,-17.41101527521319,72.050678218607,-13.37202648336407,70.83080034236387,9.826378982725524,33.577109540748154,1
3.02,302,-0.024696003739722465,-0.5998641602454596,-0.18863773931696498,-19.845890600554966,77.3822319279059,-15.534937644552855,70.73963949417576,10.202521989942317,34.2644454421631,1
3.03,303,-0.06896197372659348,-0.6134378542433597,-0.2220276930197541,-21.35405083967555,84.01326227042757,-16.53179218196748,70.64723930532706,10.606944911659863,35.01279427259512,1
3.04,304,-0.09902371554756895,-0.657874981601359,-0.24933768220663863,-20.33943722478657,90.8181972858993,-15.534124159812775,70.58196105613563,11.019753074021574,35.83066221335924,1
3.05,305,-0.0995545314838167,-0.7071006582973741,-0.2478561275415794,-17.053168270855828,96.93309194173155,-12.713494291088823,70.56745713529115,11.423492909146294,36.71775979953384,1
3.06,306,-0.07136208544389737,-0.7352982364505172,-0.2146573848945387,-13.214808885815518,101.80039438516779,-9.155636170645558,70.6079882868404,11.810957421408721,37.66464334540611,1
3.07,307,-0.030395304025409683,-0.728602935607591,-0.16233908831007848,-10.310151628473625,105.15732034407353,-5.919864885495754,70.69291483603804,12.181602409322423,38.6558470639174,1
3.08,308,0.007030820886886082,-0.6911107483645186,-0.10538238865748231,-8.441533791206144,107.08139374929316,-3.2207747507757096,70.81191550123094,12.533237916939257,39.67641245236125,1
3.09,309,0.03574502480402044,-0.6395812333424673,-0.05309946226349976,-6.722893836957851,107.8243996711472,-0.5510025310387527,70.96282449403037,12.858700215728637,40.71572985675828,1
3.1,310,0.060182769422040885,-0.5907152049147903,-0.010730614188356656,-4.43879206021213,107.40522857642418,2.5520005337582723,71.14661139466888,13.14883637532953,41.76423648512809,1
3.11,311,0.08583941089497235,-0.5506341093565527,0.01972858825372522,-1.639615994478649,105.42393258672567,5.975545520326123,71.36020574713126,13.396955784737033,42.80717750661761,1
3.12,312,0.11438117657861671,-0.5135665852657295,0.040556678953454474,1.2039771717283416,101.47020947456447,9.154147121449634,71.5971198244559,13.60131387650953,43.82389838607392,1
3.13,313,0.14528414388709257,-0.4690139254517103,0.0553771456786762,3.865793572813507,95.74229420396468,11.579049676234208,71.85328188351826,13.764913804936612,44.79467568973776,1
3.14,314,0.1780328461688893,-0.4108312234750262,0.06495216380901846,6.670162274786312,89.01848968818832,13.197621713620107,72.1300950878685,13.892533349058144,45.70724554010032,1
3.15,315,0.20803255601478657,-0.3410390768617209,0.0729804165408276,10.227822225998725,81.90196450246198,14.338060103590347,72.43246552676445,13.986930891561808,46.55535622122011,1
3.16,316,0.21873524254155274,-0.2650348700956525,0.09776670671050029,14.726892912178425,74.59322617960547,15.11586336171335,72.76467541647563,14.050035834554537,47.33454700784351,1
3.17,317,0.18385835441400297,-0.18362232243677704,0.1641202194238142,19.254670805516906,68.15256795189755,14.813847733636152,73.12628516325783,14.093072282053896,48.04949453780054,1
3.18,318,0.08884681802047226,-0.09520030667622466,0.26780474572019475,22.064386566136992,65.74621880574693,12.130245509613335,73.5106754050924,14.147672182601626,48.733707313533806,1
3.19,319,-0.04468036594921089,-0.01307487061421814,0.3540507637565742,22.156038152328197,70.9681647840734,6.623818146191754,73.91050710085153,14.259640671401188,49.45562086359548,1
3.2,320,-0.16277514374022137,0.022177670972331472,0.3529996767326635,20.550319783315796,83.42916804084014,0.10631156827329236,74.32566195780356,14.458088700560612,50.28481826177859,1
3.21,321,-0.21543426167303587,-0.036432615438046545,0.24166223407586948,18.933703328156813,96.58256653036071,-4.0640406941743965,74.75588258751469,14.724171524451735,51.235085470673575,1
3.22,322,-0.18840907309888877,-0.1960839697859814,0.05720096587037969,16.627193941088795,101.80274604498302,-4.004374524157347,75.17291521208105,14.998419932047101,52.239323631536614,1
3.23,323,-0.09907966776214511,-0.4034525389292796,-0.14993381041039153,10.292273546800335,95.44088010646901,-1.8578946656032862,75.50491530991651,15.232280426073748,53.18734948681262,1
3.24,324,0.02841933889490398,-0.582878449313825,-0.35522177219844403,-2.0400141707974577,81.4227256730341,-2.887742750608511,75.66976961883786,15.43907445031741,53.99310746708854,1
3.25,325,0.1740642310733337,-0.6988587590223347,-0.5484050257832731,-17.5500901433157,66.94094188343158,-11.584234925001502,75.63467555698146,15.694973027800408,54.630793593975575,1
3.26,326,0.31368305711747413,-0.7792253779767427,-0.7063650048933159,-30.978086888289344,56.44034104870316,-28.264059641711974,75.43313925794249,16.08921595896257,55.11926440903801,1
3.27,327,0.413785193114883,-0.8819403631129532,-0.7981368998804206,-40.352846740626305,50.25765472213035,-48.92334943510684,75.11639635312446,16.669634155500322,55.49096423285933,1
3.28,328,0.44118225317467524,-1.0442172130262963,-0.8141394671315724,-48.99403883363679,48.476309540474695,-68.17934678294937,74.69895968548249,17.429911051062216,55.791149924404,1
3.29,329,0.3774285035368203,-1.2539413813665623,-0.7774949484955146,-61.51670045716585,54.41372547537185,-82.89786047318988,74.1611009504441,18.34377935189394,56.10461279094798,1
3.3,330,0.22841752245311361,-1.4523251692137595,-0.7209224302521716,-78.93443885177192,72.37182192545545,-93.59779720694576,73.49387133269998,19.405934064958483,56.55814873470769,1
3.31,331,0.030256920221768725,-1.5621910979379354,-0.6563621296121652,-98.13799524728084,101.47548037354183,-102.36976672489966,72.72494335259432,20.632930724043785,57.26659683877522,1
3.32,332,-0.15279374554071665,-1.5328518180327142,-0.5730586702384686,-115.26514208747969,133.42995246952933,-109.48502272951971,71.89950786734309,22.022896656695885,58.26413675246548,1
3.33,333,-0.2524362261298331,-1.3758410630667721,-0.46541385895939363,-128.88117179056906,158.14032016282846,-112.70555241503742,71.04562984179206,23.52432014957779,59.49255261257384,1
3.34,334,-0.23826573743635537,-1.1595296050353345,-0.3548294544445741,-140.24347299101072,171.4150881082654,-110.30290598607198,70.1606024275969,25.056778732534912,60.85681435822561,1
3.35,335,-0.13960984981478297,-0.9633137982150716,-0.274631787850103,-151.03534967200432,176.53645287278886,-104.11867082385102,69.22618743917972,26.565898204595353,62.286576233689416,1
3.36,336,-0.01700006982968652,-0.82904698510511,-0.2308348593224143,-161.14402292921076,179.31837127302626,-99.09355499204476,68.23588223415486,28.059221495348904,63.75126770019009,1
3.37,337,0.09029589727877052,-0.7440213384364321,-0.18402140474422463,-168.89837139696857,183.21480239181562,-100.29068860243568,67.20964985895074,29.600159598465346,65.23859497804023,1
3.38,338,0.1832237898602338,-0.6607193084006805,-0.0798079396964275,-173.26979869680383,188.97253210660068,-110.73587945454916,66.18242715736744,31.28186474360275,66.73499068803933,1
3.39,339,0.27428112198310906,-0.535735475858074,0.09710962297108654,-175.13392049999126,196.9812163885004,-130.95474802677498,65.17722525104122,33.2030597118829,68.22331628034553,1
3.4,340,0.3556273316686792,-0.35875942801783106,0.3013151160495443,-176.10988227688767,208.13738170338186,-158.871366478039,64.19138197862948,35.443158513197304,69.68745457814859,1
3.41,341,0.4046858594997123,-0.14997075761460613,0.46303368466894484,-176.34263210950294,222.14211023846087,-189.8703359471647,63.21975123620274,38.033915339103324,71.11758019660694,1
3.42,342,0.4170325774547567,0.0644851488308109,0.5443817178214154,-173.40056194210493,235.87122638311538,-218.23029508688475,62.30515439463319,40.945098777016284,72.52006395768463,1
3.43,343,0.4264766991949604,0.269502804926572,0.5571060708035419,-163.88845902291914,244.4710685983674,-240.15382489992407,61.551187790133,44.103013420190564,73.91631771691085,1
3.44,344,0.49070851805580107,0.45744912077211447,0.5354741209956632,-147.29223218615914,244.90092587502534,-256.59337716963427,61.030394683537125,47.43524199859117,75.29588578190301,1
3.45,345,0.6570682718755083,0.607613867776307,0.5118164295082633,-127.44130690504024,239.42595946230853,-272.76871279314406,60.664471153548995,50.9094663597487,76.55553155648506,1
3.46,346,0.9346766424501495,0.6602921473208766,0.5179822492380189,-107.60292661588693,236.17074590589795,-292.59099139280266,60.311832984711266,54.534699893236,77.57165720531061,1
3.47,347,1.2853440544452805,0.5370871970319976,0.5676957658967042,-85.16868423279786,243.93340176419628,-312.2884254545188,60.11691473710792,58.3266316029318,78.4700719321815,1
3.48,348,1.6440537783256928,0.2609001004057942,0.5856086025678645,-57.260669682556745,260.8039263733412,-322.98673002314484,60.639145053469775,62.27348809359905,79.75793574838643,1
3.49,349,1.9815775702469964,0.07559997710756944,0.37716237107732153,-34.48898307540421,264.7027273981618,-324.5164038479203,62.115974298788664,66.32213214410505,81.74734775274784,1
3.5,350,2.361259788089688,0.3332947314172635,-0.19966908471161365,-41.773917794701305,222.87362659827681,-334.42522389193397,63.12219685399837,70.35894614910355,83.33460478386228,1
3.51,351,2.875989480013637,1.1347444574489038,-0.9285846804286418,-93.02517358496219,126.49887538768948,-372.93329677744697,60.12727390367138,74.1833865950408,81.35235792965346,1
3.52,352,3.468301305655282,2.1002717010358776,-1.1988762427590491,-159.89542719981108,21.098507719351794,-432.313398308268,49.10827807066446,77.54093186649091,71.73343912907534,1
3.53,353,3.8643748023779327,2.6068910844001203,-0.45507229229535207,-175.1465662308841,-12.225479433220967,-468.6517904023208,28.157842956506503,80.24785210833295,51.96032515306611,1
3.54,354,3.799530187403504,2.299261579352727,1.3334157365879018,-84.87454472561828,77.78489919060574,-438.5763682632845,-1.3037455930824913,82.32224029422433,22.792589833525042,1
3.55,355,3.332902953938944,1.378962051678662,3.719813880783411,93.28172574802213,262.3557993383064,-348.6342954955252,-35.460292622037095,84.01308772918895,-11.906236741407483,1
